Time (ms), Data
0.000,2395
0.010,2383
0.020,2397
0.030,2352
0.040,2384
0.050,2378
0.060,2390
0.070,2368
0.080,2355
0.090,2359
0.100,2363
0.110,2383
0.120,2383
0.130,2367
0.140,2416
0.150,2419
0.160,2368
0.170,2407
0.180,2375
0.190,2384
0.200,2388
0.210,2355
0.220,2391
0.230,2361
0.240,2371
0.250,2335
0.260,2398
0.270,2368
0.280,2411
0.290,2378
0.300,2384
0.310,2383
0.320,2413
0.330,2429
0.340,2479
0.350,2493
0.360,2497
0.370,2480
0.380,2511
0.390,2530
0.400,2545
0.410,2512
0.420,2550
0.430,2512
0.440,2481
0.450,2404
0.460,2358
0.470,2352
0.480,2359
0.490,2368
0.500,2352
0.510,2298
0.520,2334
0.530,2305
0.540,2292
0.550,2323
0.560,2281
0.570,2297
0.580,2250
0.590,2311
0.600,2268
0.610,2259
0.620,2225
0.630,2240
0.640,2238
0.650,2219
0.660,2243
0.670,2270
0.680,2261
0.690,2271
0.700,2263
0.710,2249
0.720,2256
0.730,2270
0.740,2249
0.750,2224
0.760,2234
0.770,2243
0.780,2256
0.790,2263
0.800,2256
0.810,2286
0.820,2255
0.830,2320
0.840,2301
0.850,2288
0.860,2240
0.870,2337
0.880,2307
0.890,2301
0.900,2365
0.910,2323
0.920,2323
0.930,2378
0.940,2354
0.950,2378
0.960,2427
0.970,2476
0.980,2427
0.990,2461
1.000,2485
1.010,2525
1.020,2531
1.030,2544
1.040,2539
1.050,2598
1.060,2559
1.070,2608
1.080,2581
1.090,2635
1.100,2587
1.110,2643
1.120,2591
1.130,2555
1.140,2544
1.150,2570
1.160,2547
1.170,2506
1.180,2501
1.190,2466
1.200,2419
1.210,2397
1.220,2397
1.230,2375
1.240,2365
1.250,2418
1.260,2357
1.270,2351
1.280,2321
1.290,2315
1.300,2356
1.310,2375
1.320,2341
1.330,2279
1.340,2318
1.350,2288
1.360,2251
1.370,2320
1.380,2235
1.390,2260
1.400,2248
1.410,2224
1.420,2255
1.430,2258
1.440,2207
1.450,2254
1.460,2193
1.470,2199
1.480,2197
1.490,2192
1.500,2208
1.510,2208
1.520,2201
1.530,2222
1.540,2217
1.550,2251
1.560,2247
1.570,2253
1.580,2288
1.590,2245
1.600,2227
1.610,2288
1.620,2240
1.630,2240
1.640,2294
1.650,2314
1.660,2278
1.670,2336
1.680,2365
1.690,2305
1.700,2370
1.710,2373
1.720,2375
1.730,2373
1.740,2473
1.750,2471
1.760,2465
1.770,2505
1.780,2568
1.790,2605
1.800,2571
1.810,2567
1.820,2609
1.830,2652
1.840,2672
1.850,2608
1.860,2608
1.870,2619
1.880,2626
1.890,2605
1.900,2619
1.910,2553
1.920,2544
1.930,2567
1.940,2534
1.950,2505
1.960,2480
1.970,2416
1.980,2457
1.990,2423
2.000,2392
2.010,2353
2.020,2342
2.030,2332
2.040,2373
2.050,2356
2.060,2368
2.070,2329
2.080,2343
2.090,2315
2.100,2317
2.110,2327
2.120,2315
2.130,2230
2.140,2224
2.150,2231
2.160,2202
2.170,2181
2.180,2192
2.190,2117
2.200,2133
2.210,2114
2.220,2142
2.230,2163
2.240,2088
2.250,2111
2.260,2154
2.270,2135
2.280,2158
2.290,2171
2.300,2246
2.310,2226
2.320,2247
2.330,2209
2.340,2287
2.350,2282
2.360,2294
2.370,2297
2.380,2294
2.390,2318
2.400,2327
2.410,2353
2.420,2400
2.430,2426
2.440,2397
2.450,2393
2.460,2381
2.470,2361
2.480,2416
2.490,2434
2.500,2483
2.510,2449
2.520,2437
2.530,2483
2.540,2491
2.550,2523
2.560,2514
2.570,2558
2.580,2579
2.590,2614
2.600,2671
2.610,2691
2.620,2695
2.630,2726
2.640,2744
2.650,2695
2.660,2645
2.670,2640
2.680,2615
2.690,2525
2.700,2483
2.710,2467
2.720,2454
2.730,2389
2.740,2402
2.750,2398
2.760,2375
2.770,2337
2.780,2310
2.790,2370
2.800,2329
2.810,2320
2.820,2384
2.830,2321
2.840,2338
2.850,2334
2.860,2314
2.870,2283
2.880,2272
2.890,2307
2.900,2237
2.910,2246
2.920,2208
2.930,2199
2.940,2183
2.950,2183
2.960,2189
2.970,2199
2.980,2167
2.990,2158
3.000,2158
3.010,2192
3.020,2183
3.030,2157
3.040,2185
3.050,2203
3.060,2177
3.070,2214
3.080,2183
3.090,2210
3.100,2288
3.110,2224
3.120,2224
3.130,2225
3.140,2287
3.150,2243
3.160,2297
3.170,2310
3.180,2302
3.190,2257
3.200,2283
3.210,2304
3.220,2335
3.230,2307
3.240,2370
3.250,2384
3.260,2418
3.270,2458
3.280,2488
3.290,2479
3.300,2522
3.310,2558
3.320,2587
3.330,2557
3.340,2608
3.350,2576
3.360,2605
3.370,2641
3.380,2606
3.390,2617
3.400,2650
3.410,2687
3.420,2624
3.430,2677
3.440,2637
3.450,2559
3.460,2595
3.470,2529
3.480,2518
3.490,2494
3.500,2469
3.510,2432
3.520,2426
3.530,2410
3.540,2430
3.550,2371
3.560,2404
3.570,2393
3.580,2336
3.590,2403
3.600,2387
3.610,2309
3.620,2321
3.630,2299
3.640,2330
3.650,2333
3.660,2299
3.670,2320
3.680,2295
3.690,2262
3.700,2318
3.710,2237
3.720,2259
3.730,2236
3.740,2267
3.750,2224
3.760,2236
3.770,2228
3.780,2187
3.790,2218
3.800,2203
3.810,2171
3.820,2198
3.830,2176
3.840,2214
3.850,2215
3.860,2243
3.870,2219
3.880,2280
3.890,2225
3.900,2256
3.910,2219
3.920,2275
3.930,2275
3.940,2246
3.950,2304
3.960,2295
3.970,2326
3.980,2349
3.990,2318
4.000,2334
4.010,2334
4.020,2361
4.030,2347
4.040,2383
4.050,2410
4.060,2333
4.070,2411
4.080,2389
4.090,2403
4.100,2368
4.110,2357
4.120,2387
4.130,2391
4.140,2428
4.150,2450
4.160,2465
4.170,2465
4.180,2484
4.190,2507
4.200,2502
4.210,2537
4.220,2617
4.230,2643
4.240,2704
4.250,2718
4.260,2703
4.270,2697
4.280,2671
4.290,2666
4.300,2606
4.310,2606
4.320,2502
4.330,2447
4.340,2442
4.350,2387
4.360,2442
4.370,2402
4.380,2368
4.390,2397
4.400,2380
4.410,2397
4.420,2399
4.430,2353
4.440,2303
4.450,2383
4.460,2330
4.470,2310
4.480,2357
4.490,2272
4.500,2263
4.510,2282
4.520,2283
4.530,2246
4.540,2207
4.550,2283
4.560,2206
4.570,2174
4.580,2211
4.590,2159
4.600,2176
4.610,2211
4.620,2175
4.630,2124
4.640,2138
4.650,2203
4.660,2160
4.670,2195
4.680,2177
4.690,2195
4.700,2242
4.710,2256
4.720,2191
4.730,2256
4.740,2211
4.750,2255
4.760,2282
4.770,2331
4.780,2377
4.790,2363
4.800,2407
4.810,2384
4.820,2335
4.830,2378
4.840,2347
4.850,2361
4.860,2337
4.870,2382
4.880,2368
4.890,2394
4.900,2414
4.910,2407
4.920,2518
4.930,2454
4.940,2478
4.950,2525
4.960,2567
4.970,2587
4.980,2667
4.990,2705
5.000,2711
5.010,2735
5.020,2691
5.030,2694
5.040,2657
5.050,2646
5.060,2555
5.070,2569
5.080,2486
5.090,2482
5.100,2471
5.110,2384
5.120,2422
5.130,2385
5.140,2325
5.150,2371
5.160,2384
5.170,2354
5.180,2326
5.190,2368
5.200,2336
5.210,2386
5.220,2343
5.230,2361
5.240,2361
5.250,2295
5.260,2279
5.270,2244
5.280,2229
5.290,2218
5.300,2161
5.310,2189
5.320,2209
5.330,2218
5.340,2187
5.350,2185
5.360,2156
5.370,2155
5.380,2157
5.390,2162
5.400,2190
5.410,2185
5.420,2224
5.430,2245
5.440,2256
5.450,2219
5.460,2240
5.470,2205
5.480,2256
5.490,2279
5.500,2257
5.510,2254
5.520,2247
5.530,2313
5.540,2286
5.550,2293
5.560,2300
5.570,2271
5.580,2279
5.590,2304
5.600,2345
5.610,2416
5.620,2361
5.630,2361
5.640,2395
5.650,2402
5.660,2442
5.670,2431
5.680,2432
5.690,2495
5.700,2477
5.710,2473
5.720,2505
5.730,2487
5.740,2527
5.750,2518
5.760,2580
5.770,2608
5.780,2619
5.790,2644
5.800,2678
5.810,2654
5.820,2681
5.830,2631
5.840,2695
5.850,2636
5.860,2599
5.870,2635
5.880,2598
5.890,2551
5.900,2512
5.910,2493
5.920,2511
5.930,2481
5.940,2453
5.950,2387
5.960,2359
5.970,2366
5.980,2335
5.990,2320
6.000,2285
6.010,2240
6.020,2256
6.030,2256
6.040,2194
6.050,2179
6.060,2191
6.070,2159
6.080,2175
6.090,2189
6.100,2122
6.110,2167
6.120,2149
6.130,2208
6.140,2161
6.150,2207
6.160,2187
6.170,2163
6.180,2152
6.190,2171
6.200,2160
6.210,2195
6.220,2167
6.230,2151
6.240,2160
6.250,2203
6.260,2197
6.270,2247
6.280,2225
6.290,2256
6.300,2218
6.310,2297
6.320,2279
6.330,2307
6.340,2315
6.350,2289
6.360,2313
6.370,2309
6.380,2331
6.390,2338
6.400,2365
6.410,2363
6.420,2415
6.430,2383
6.440,2448
6.450,2483
6.460,2450
6.470,2475
6.480,2496
6.490,2486
6.500,2466
6.510,2506
6.520,2499
6.530,2552
6.540,2571
6.550,2637
6.560,2688
6.570,2641
6.580,2671
6.590,2657
6.600,2688
6.610,2673
6.620,2675
6.630,2630
6.640,2627
6.650,2603
6.660,2624
6.670,2558
6.680,2512
6.690,2512
6.700,2495
6.710,2451
6.720,2432
6.730,2385
6.740,2355
6.750,2300
6.760,2259
6.770,2257
6.780,2239
6.790,2183
6.800,2226
6.810,2218
6.820,2177
6.830,2150
6.840,2173
6.850,2224
6.860,2209
6.870,2192
6.880,2192
6.890,2170
6.900,2197
6.910,2167
6.920,2205
6.930,2210
6.940,2217
6.950,2179
6.960,2160
6.970,2199
6.980,2149
6.990,2147
7.000,2159
7.010,2141
7.020,2205
7.030,2166
7.040,2182
7.050,2163
7.060,2250
7.070,2249
7.080,2271
7.090,2273
7.100,2294
7.110,2294
7.120,2269
7.130,2266
7.140,2298
7.150,2288
7.160,2323
7.170,2407
7.180,2390
7.190,2347
7.200,2418
7.210,2400
7.220,2368
7.230,2437
7.240,2470
7.250,2467
7.260,2569
7.270,2556
7.280,2551
7.290,2572
7.300,2544
7.310,2518
7.320,2554
7.330,2576
7.340,2571
7.350,2608
7.360,2641
7.370,2642
7.380,2624
7.390,2600
7.400,2624
7.410,2630
7.420,2547
7.430,2577
7.440,2525
7.450,2480
7.460,2397
7.470,2368
7.480,2379
7.490,2385
7.500,2369
7.510,2370
7.520,2350
7.530,2341
7.540,2333
7.550,2315
7.560,2352
7.570,2306
7.580,2299
7.590,2261
7.600,2240
7.610,2238
7.620,2263
7.630,2227
7.640,2192
7.650,2175
7.660,2162
7.670,2189
7.680,2190
7.690,2190
7.700,2195
7.710,2150
7.720,2209
7.730,2184
7.740,2176
7.750,2179
7.760,2148
7.770,2138
7.780,2223
7.790,2225
7.800,2209
7.810,2265
7.820,2266
7.830,2265
7.840,2191
7.850,2255
7.860,2308
7.870,2266
7.880,2239
7.890,2280
7.900,2277
7.910,2316
7.920,2358
7.930,2351
7.940,2417
7.950,2377
7.960,2407
7.970,2432
7.980,2486
7.990,2512
8.000,2573
8.010,2549
8.020,2546
8.030,2601
8.040,2566
8.050,2576
8.060,2582
8.070,2653
8.080,2645
8.090,2661
8.100,2670
8.110,2672
8.120,2640
8.130,2639
8.140,2619
8.150,2581
8.160,2575
8.170,2477
8.180,2448
8.190,2416
8.200,2389
8.210,2389
8.220,2414
8.230,2338
8.240,2337
8.250,2319
8.260,2323
8.270,2295
8.280,2251
8.290,2294
8.300,2262
8.310,2245
8.320,2262
8.330,2299
8.340,2295
8.350,2329
8.360,2267
8.370,2241
8.380,2203
8.390,2233
8.400,2181
8.410,2203
8.420,2186
8.430,2189
8.440,2189
8.450,2148
8.460,2206
8.470,2183
8.480,2157
8.490,2161
8.500,2164
8.510,2175
8.520,2225
8.530,2235
8.540,2239
8.550,2248
8.560,2320
8.570,2289
8.580,2297
8.590,2283
8.600,2298
8.610,2367
8.620,2316
8.630,2265
8.640,2320
8.650,2257
8.660,2323
8.670,2329
8.680,2315
8.690,2358
8.700,2346
8.710,2357
8.720,2366
8.730,2369
8.740,2357
8.750,2352
8.760,2408
8.770,2437
8.780,2486
8.790,2551
8.800,2512
8.810,2519
8.820,2579
8.830,2585
8.840,2634
8.850,2667
8.860,2685
8.870,2647
8.880,2674
8.890,2653
8.900,2631
8.910,2582
8.920,2587
8.930,2579
8.940,2465
8.950,2496
8.960,2471
8.970,2422
8.980,2395
8.990,2370
9.000,2402
9.010,2393
9.020,2347
9.030,2354
9.040,2320
9.050,2349
9.060,2330
9.070,2285
9.080,2304
9.090,2343
9.100,2309
9.110,2211
9.120,2237
9.130,2214
9.140,2224
9.150,2241
9.160,2251
9.170,2160
9.180,2190
9.190,2160
9.200,2170
9.210,2160
9.220,2192
9.230,2192
9.240,2199
9.250,2165
9.260,2197
9.270,2207
9.280,2159
9.290,2194
9.300,2204
9.310,2178
9.320,2206
9.330,2199
9.340,2212
9.350,2274
9.360,2209
9.370,2267
9.380,2272
9.390,2258
9.400,2245
9.410,2234
9.420,2294
9.430,2329
9.440,2363
9.450,2355
9.460,2432
9.470,2432
9.480,2395
9.490,2427
9.500,2481
9.510,2475
9.520,2551
9.530,2540
9.540,2581
9.550,2608
9.560,2607
9.570,2608
9.580,2581
9.590,2603
9.600,2614
9.610,2643
9.620,2610
9.630,2624
9.640,2659
9.650,2641
9.660,2623
9.670,2607
9.680,2559
9.690,2511
9.700,2503
9.710,2427
9.720,2387
9.730,2412
9.740,2352
9.750,2323
9.760,2319
9.770,2263
9.780,2287
9.790,2320
9.800,2298
9.810,2272
9.820,2243
9.830,2303
9.840,2240
9.850,2273
9.860,2239
9.870,2311
9.880,2285
9.890,2267
9.900,2233
9.910,2240
9.920,2230
9.930,2234
9.940,2219
9.950,2256
9.960,2203
9.970,2213
9.980,2181
9.990,2151
10.000,2183
10.010,2177
10.020,2183
10.030,2191
10.040,2218
10.050,2214
10.060,2231
10.070,2221
10.080,2294
10.090,2266
10.100,2315
10.110,2315
10.120,2359
10.130,2331
10.140,2353
10.150,2321
10.160,2291
10.170,2277
10.180,2288
10.190,2384
10.200,2427
10.210,2383
10.220,2431
10.230,2430
10.240,2401
10.250,2417
10.260,2432
10.270,2448
10.280,2466
10.290,2497
10.300,2550
10.310,2580
10.320,2608
10.330,2621
10.340,2627
10.350,2584
10.360,2609
10.370,2640
10.380,2630
10.390,2622
10.400,2576
10.410,2588
10.420,2538
10.430,2489
10.440,2489
10.450,2469
10.460,2460
10.470,2457
10.480,2471
10.490,2416
10.500,2443
10.510,2370
10.520,2377
10.530,2349
10.540,2367
10.550,2294
10.560,2243
10.570,2259
10.580,2256
10.590,2201
10.600,2214
10.610,2160
10.620,2176
10.630,2217
10.640,2201
10.650,2170
10.660,2185
10.670,2189
10.680,2158
10.690,2162
10.700,2169
10.710,2176
10.720,2160
10.730,2118
10.740,2149
10.750,2174
10.760,2207
10.770,2215
10.780,2192
10.790,2209
10.800,2279
10.810,2252
10.820,2267
10.830,2326
10.840,2318
10.850,2335
10.860,2265
10.870,2287
10.880,2307
10.890,2320
10.900,2367
10.910,2352
10.920,2417
10.930,2395
10.940,2354
10.950,2353
10.960,2385
10.970,2418
10.980,2454
10.990,2467
11.000,2511
11.010,2467
11.020,2507
11.030,2557
11.040,2559
11.050,2544
11.060,2576
11.070,2645
11.080,2725
11.090,2641
11.100,2688
11.110,2734
11.120,2636
11.130,2629
11.140,2599
11.150,2528
11.160,2467
11.170,2480
11.180,2454
11.190,2414
11.200,2433
11.210,2338
11.220,2411
11.230,2374
11.240,2337
11.250,2341
11.260,2355
11.270,2352
11.280,2336
11.290,2329
11.300,2304
11.310,2221
11.320,2231
11.330,2262
11.340,2253
11.350,2214
11.360,2203
11.370,2211
11.380,2208
11.390,2192
11.400,2254
11.410,2166
11.420,2206
11.430,2206
11.440,2183
11.450,2181
11.460,2155
11.470,2129
11.480,2162
11.490,2185
11.500,2129
11.510,2143
11.520,2223
11.530,2266
11.540,2227
11.550,2283
11.560,2274
11.570,2265
11.580,2308
11.590,2222
11.600,2288
11.610,2289
11.620,2289
11.630,2321
11.640,2336
11.650,2371
11.660,2371
11.670,2384
11.680,2462
11.690,2408
11.700,2428
11.710,2429
11.720,2422
11.730,2446
11.740,2486
11.750,2432
11.760,2544
11.770,2519
11.780,2582
11.790,2575
11.800,2598
11.810,2643
11.820,2613
11.830,2645
11.840,2634
11.850,2690
11.860,2620
11.870,2671
11.880,2625
11.890,2609
11.900,2550
11.910,2508
11.920,2480
11.930,2432
11.940,2445
11.950,2438
11.960,2382
11.970,2386
11.980,2352
11.990,2327
12.000,2318
12.010,2277
12.020,2286
12.030,2229
12.040,2224
12.050,2198
12.060,2235
12.070,2187
12.080,2217
12.090,2222
12.100,2203
12.110,2202
12.120,2219
12.130,2211
12.140,2212
12.150,2202
12.160,2160
12.170,2182
12.180,2150
12.190,2150
12.200,2175
12.210,2215
12.220,2203
12.230,2192
12.240,2215
12.250,2254
12.260,2235
12.270,2270
12.280,2274
12.290,2288
12.300,2250
12.310,2266
12.320,2320
12.330,2330
12.340,2311
12.350,2298
12.360,2354
12.370,2377
12.380,2337
12.390,2403
12.400,2384
12.410,2388
12.420,2393
12.430,2483
12.440,2466
12.450,2499
12.460,2470
12.470,2529
12.480,2576
12.490,2535
12.500,2615
12.510,2635
12.520,2637
12.530,2608
12.540,2608
12.550,2681
12.560,2635
12.570,2650
12.580,2607
12.590,2622
12.600,2608
12.610,2558
12.620,2512
12.630,2512
12.640,2486
12.650,2499
12.660,2405
12.670,2363
12.680,2384
12.690,2373
12.700,2338
12.710,2329
12.720,2310
12.730,2311
12.740,2275
12.750,2256
12.760,2246
12.770,2247
12.780,2205
12.790,2192
12.800,2234
12.810,2209
12.820,2250
12.830,2262
12.840,2212
12.850,2247
12.860,2194
12.870,2203
12.880,2214
12.890,2157
12.900,2181
12.910,2193
12.920,2158
12.930,2176
12.940,2187
12.950,2192
12.960,2161
12.970,2189
12.980,2175
12.990,2192
13.000,2238
13.010,2253
13.020,2231
13.030,2227
13.040,2247
13.050,2247
13.060,2291
13.070,2239
13.080,2278
13.090,2257
13.100,2305
13.110,2373
13.120,2341
13.130,2348
13.140,2307
13.150,2366
13.160,2325
13.170,2331
13.180,2360
13.190,2330
13.200,2416
13.210,2463
13.220,2512
13.230,2507
13.240,2525
13.250,2558
13.260,2586
13.270,2664
13.280,2735
13.290,2763
13.300,2778
13.310,2852
13.320,2873
13.330,2832
13.340,2849
13.350,2736
13.360,2666
13.370,2591
13.380,2517
13.390,2423
13.400,2449
13.410,2395
13.420,2306
13.430,2306
13.440,2289
13.450,2295
13.460,2195
13.470,2191
13.480,2275
13.490,2241
13.500,2233
13.510,2236
13.520,2205
13.530,2170
13.540,2206
13.550,2158
13.560,2160
13.570,2119
13.580,2130
13.590,2128
13.600,2097
13.610,2110
13.620,2111
13.630,2106
13.640,2115
13.650,2058
13.660,2096
13.670,2016
13.680,2082
13.690,2064
13.700,2122
13.710,2122
13.720,2113
13.730,2154
13.740,2146
13.750,2151
13.760,2173
13.770,2176
13.780,2222
13.790,2306
13.800,2331
13.810,2320
13.820,2321
13.830,2406
13.840,2391
13.850,2496
13.860,2512
13.870,2601
13.880,2698
13.890,2793
13.900,2767
13.910,2768
13.920,2758
13.930,2709
13.940,2747
13.950,2745
13.960,2703
13.970,2763
13.980,2672
13.990,2705
14.000,2704
14.010,2608
14.020,2579
14.030,2519
14.040,2533
14.050,2416
14.060,2400
14.070,2296
14.080,2329
14.090,2305
14.100,2275
14.110,2302
14.120,2287
14.130,2264
14.140,2218
14.150,2202
14.160,2192
14.170,2205
14.180,2247
14.190,2138
14.200,2145
14.210,2119
14.220,2165
14.230,2111
14.240,2150
14.250,2145
14.260,2159
14.270,2114
14.280,2125
14.290,2169
14.300,2141
14.310,2123
14.320,2112
14.330,2102
14.340,2130
14.350,2128
14.360,2163
14.370,2145
14.380,2210
14.390,2196
14.400,2221
14.410,2209
14.420,2170
14.430,2209
14.440,2261
14.450,2231
14.460,2293
14.470,2256
14.480,2313
14.490,2327
14.500,2341
14.510,2394
14.520,2429
14.530,2467
14.540,2535
14.550,2607
14.560,2624
14.570,2661
14.580,2704
14.590,2698
14.600,2663
14.610,2614
14.620,2662
14.630,2623
14.640,2682
14.650,2715
14.660,2624
14.670,2662
14.680,2705
14.690,2687
14.700,2702
14.710,2607
14.720,2624
14.730,2537
14.740,2453
14.750,2416
14.760,2381
14.770,2288
14.780,2277
14.790,2225
14.800,2246
14.810,2272
14.820,2261
14.830,2191
14.840,2206
14.850,2217
14.860,2189
14.870,2187
14.880,2193
14.890,2121
14.900,2174
14.910,2167
14.920,2127
14.930,2138
14.940,2165
14.950,2151
14.960,2174
14.970,2144
14.980,2141
14.990,2126
15.000,2106
15.010,2122
15.020,2169
15.030,2095
15.040,2177
15.050,2218
15.060,2217
15.070,2203
15.080,2192
15.090,2167
15.100,2201
15.110,2224
15.120,2244
15.130,2269
15.140,2333
15.150,2379
15.160,2388
15.170,2449
15.180,2384
15.190,2480
15.200,2585
15.210,2603
15.220,2640
15.230,2659
15.240,2725
15.250,2713
15.260,2705
15.270,2669
15.280,2668
15.290,2710
15.300,2667
15.310,2690
15.320,2679
15.330,2635
15.340,2615
15.350,2598
15.360,2558
15.370,2512
15.380,2512
15.390,2553
15.400,2443
15.410,2426
15.420,2315
15.430,2325
15.440,2342
15.450,2318
15.460,2318
15.470,2255
15.480,2236
15.490,2209
15.500,2225
15.510,2178
15.520,2180
15.530,2160
15.540,2176
15.550,2171
15.560,2165
15.570,2167
15.580,2175
15.590,2126
15.600,2128
15.610,2125
15.620,2123
15.630,2112
15.640,2096
15.650,2077
15.660,2085
15.670,2128
15.680,2117
15.690,2125
15.700,2127
15.710,2163
15.720,2161
15.730,2202
15.740,2182
15.750,2194
15.760,2155
15.770,2179
15.780,2159
15.790,2213
15.800,2289
15.810,2275
15.820,2353
15.830,2384
15.840,2415
15.850,2474
15.860,2567
15.870,2559
15.880,2674
15.890,2694
15.900,2771
15.910,2753
15.920,2732
15.930,2816
15.940,2773
15.950,2749
15.960,2692
15.970,2715
15.980,2686
15.990,2623
16.000,2594
16.010,2530
16.020,2531
16.030,2495
16.040,2483
16.050,2491
16.060,2503
16.070,2427
16.080,2390
16.090,2368
16.100,2348
16.110,2356
16.120,2263
16.130,2220
16.140,2265
16.150,2214
16.160,2155
16.170,2192
16.180,2170
16.190,2159
16.200,2210
16.210,2156
16.220,2158
16.230,2194
16.240,2156
16.250,2186
16.260,2165
16.270,2182
16.280,2179
16.290,2139
16.300,2142
16.310,2189
16.320,2181
16.330,2164
16.340,2190
16.350,2183
16.360,2250
16.370,2229
16.380,2264
16.390,2267
16.400,2246
16.410,2209
16.420,2243
16.430,2238
16.440,2257
16.450,2233
16.460,2262
16.470,2309
16.480,2315
16.490,2286
16.500,2284
16.510,2321
16.520,2272
16.530,2340
16.540,2476
16.550,2508
16.560,2542
16.570,2601
16.580,2609
16.590,2672
16.600,2615
16.610,2651
16.620,2691
16.630,2735
16.640,2797
16.650,2736
16.660,2711
16.670,2731
16.680,2675
16.690,2623
16.700,2639
16.710,2579
16.720,2541
16.730,2502
16.740,2491
16.750,2487
16.760,2403
16.770,2414
16.780,2373
16.790,2335
16.800,2281
16.810,2283
16.820,2256
16.830,2244
16.840,2231
16.850,2223
16.860,2191
16.870,2171
16.880,2199
16.890,2151
16.900,2162
16.910,2178
16.920,2142
16.930,2128
16.940,2096
16.950,2114
16.960,2139
16.970,2128
16.980,2122
16.990,2085
17.000,2096
17.010,2122
17.020,2119
17.030,2173
17.040,2165
17.050,2169
17.060,2209
17.070,2173
17.080,2162
17.090,2160
17.100,2214
17.110,2141
17.120,2164
17.130,2210
17.140,2263
17.150,2284
17.160,2309
17.170,2384
17.180,2432
17.190,2473
17.200,2539
17.210,2704
17.220,2709
17.230,2743
17.240,2753
17.250,2809
17.260,2794
17.270,2849
17.280,2815
17.290,2798
17.300,2693
17.310,2737
17.320,2660
17.330,2599
17.340,2608
17.350,2544
17.360,2538
17.370,2480
17.380,2504
17.390,2431
17.400,2382
17.410,2395
17.420,2413
17.430,2334
17.440,2305
17.450,2238
17.460,2230
17.470,2222
17.480,2183
17.490,2151
17.500,2151
17.510,2135
17.520,2163
17.530,2091
17.540,2128
17.550,2111
17.560,2134
17.570,2146
17.580,2145
17.590,2104
17.600,2125
17.610,2112
17.620,2093
17.630,2063
17.640,2039
17.650,2054
17.660,2094
17.670,2112
17.680,2138
17.690,2112
17.700,2151
17.710,2078
17.720,2133
17.730,2128
17.740,2231
17.750,2188
17.760,2190
17.770,2245
17.780,2333
17.790,2394
17.800,2498
17.810,2492
17.820,2581
17.830,2595
17.840,2622
17.850,2751
17.860,2779
17.870,2781
17.880,2827
17.890,2810
17.900,2767
17.910,2736
17.920,2740
17.930,2694
17.940,2686
17.950,2673
17.960,2602
17.970,2551
17.980,2505
17.990,2512
18.000,2509
18.010,2443
18.020,2486
18.030,2461
18.040,2379
18.050,2333
18.060,2320
18.070,2320
18.080,2291
18.090,2237
18.100,2225
18.110,2241
18.120,2160
18.130,2177
18.140,2128
18.150,2129
18.160,2130
18.170,2133
18.180,2126
18.190,2041
18.200,2113
18.210,2131
18.220,2158
18.230,2103
18.240,2095
18.250,2093
18.260,2115
18.270,2110
18.280,2106
18.290,2096
18.300,2110
18.310,2146
18.320,2203
18.330,2188
18.340,2192
18.350,2218
18.360,2161
18.370,2190
18.380,2256
18.390,2256
18.400,2275
18.410,2304
18.420,2368
18.430,2419
18.440,2429
18.450,2495
18.460,2522
18.470,2545
18.480,2583
18.490,2646
18.500,2703
18.510,2608
18.520,2630
18.530,2685
18.540,2679
18.550,2598
18.560,2606
18.570,2608
18.580,2529
18.590,2559
18.600,2582
18.610,2541
18.620,2569
18.630,2578
18.640,2587
18.650,2590
18.660,2547
18.670,2581
18.680,2530
18.690,2490
18.700,2411
18.710,2386
18.720,2406
18.730,2327
18.740,2284
18.750,2303
18.760,2305
18.770,2288
18.780,2252
18.790,2228
18.800,2210
18.810,2215
18.820,2183
18.830,2217
18.840,2192
18.850,2214
18.860,2206
18.870,2130
18.880,2150
18.890,2159
18.900,2160
18.910,2122
18.920,2114
18.930,2097
18.940,2096
18.950,2118
18.960,2098
18.970,2135
18.980,2149
18.990,2153
19.000,2198
19.010,2219
19.020,2221
19.030,2213
19.040,2171
19.050,2208
19.060,2235
19.070,2256
19.080,2286
19.090,2263
19.100,2294
19.110,2266
19.120,2319
19.130,2368
19.140,2397
19.150,2477
19.160,2489
19.170,2589
19.180,2597
19.190,2565
19.200,2614
19.210,2617
19.220,2626
19.230,2683
19.240,2742
19.250,2621
19.260,2726
19.270,2681
19.280,2672
19.290,2694
19.300,2689
19.310,2631
19.320,2625
19.330,2595
19.340,2557
19.350,2538
19.360,2493
19.370,2429
19.380,2409
19.390,2384
19.400,2391
19.410,2295
19.420,2305
19.430,2288
19.440,2220
19.450,2215
19.460,2221
19.470,2192
19.480,2198
19.490,2147
19.500,2193
19.510,2160
19.520,2159
19.530,2179
19.540,2211
19.550,2177
19.560,2162
19.570,2163
19.580,2160
19.590,2215
19.600,2192
19.610,2167
19.620,2157
19.630,2160
19.640,2159
19.650,2178
19.660,2177
19.670,2234
19.680,2205
19.690,2192
19.700,2176
19.710,2145
19.720,2144
19.730,2177
19.740,2161
19.750,2218
19.760,2273
19.770,2269
19.780,2321
19.790,2369
19.800,2336
19.810,2352
19.820,2351
19.830,2448
19.840,2385
19.850,2483
19.860,2557
19.870,2647
19.880,2693
19.890,2741
19.900,2716
19.910,2701
19.920,2723
19.930,2751
19.940,2787
19.950,2774
19.960,2830
19.970,2767
19.980,2676
19.990,2694
20.000,2570
20.010,2576
20.020,2513
20.030,2496
20.040,2486
20.050,2453
20.060,2419
20.070,2357
20.080,2378
20.090,2315
20.100,2315
20.110,2299
20.120,2276
20.130,2243
20.140,2214
20.150,2214
20.160,2199
20.170,2105
20.180,2161
20.190,2111
20.200,2157
20.210,2108
20.220,2117
20.230,2115
20.240,2122
20.250,2125
20.260,2139
20.270,2161
20.280,2132
20.290,2109
20.300,2170
20.310,2096
20.320,2160
20.330,2154
20.340,2128
20.350,2123
20.360,2167
20.370,2217
20.380,2215
20.390,2189
20.400,2192
20.410,2176
20.420,2169
20.430,2206
20.440,2181
20.450,2221
20.460,2202
20.470,2256
20.480,2303
20.490,2323
20.500,2419
20.510,2450
20.520,2490
20.530,2532
20.540,2559
20.550,2603
20.560,2641
20.570,2688
20.580,2682
20.590,2736
20.600,2681
20.610,2674
20.620,2690
20.630,2738
20.640,2702
20.650,2692
20.660,2664
20.670,2654
20.680,2627
20.690,2585
20.700,2525
20.710,2579
20.720,2557
20.730,2506
20.740,2450
20.750,2439
20.760,2373
20.770,2352
20.780,2317
20.790,2289
20.800,2274
20.810,2279
20.820,2282
20.830,2275
20.840,2282
20.850,2229
20.860,2180
20.870,2219
20.880,2157
20.890,2176
20.900,2107
20.910,2119
20.920,2117
20.930,2082
20.940,2073
20.950,2082
20.960,2059
20.970,2021
20.980,2041
20.990,2055
21.000,2080
21.010,2069
21.020,2105
21.030,2112
21.040,2135
21.050,2192
21.060,2154
21.070,2224
21.080,2245
21.090,2240
21.100,2246
21.110,2285
21.120,2304
21.130,2265
21.140,2355
21.150,2355
21.160,2361
21.170,2378
21.180,2403
21.190,2485
21.200,2449
21.210,2399
21.220,2499
21.230,2545
21.240,2588
21.250,2653
21.260,2643
21.270,2670
21.280,2678
21.290,2736
21.300,2770
21.310,2702
21.320,2715
21.330,2672
21.340,2642
21.350,2640
21.360,2671
21.370,2618
21.380,2588
21.390,2527
21.400,2507
21.410,2446
21.420,2384
21.430,2376
21.440,2309
21.450,2298
21.460,2266
21.470,2263
21.480,2195
21.490,2170
21.500,2155
21.510,2199
21.520,2214
21.530,2150
21.540,2159
21.550,2174
21.560,2131
21.570,2129
21.580,2104
21.590,2080
21.600,2128
21.610,2097
21.620,2142
21.630,2091
21.640,2077
21.650,2067
21.660,2053
21.670,2112
21.680,2082
21.690,2124
21.700,2154
21.710,2165
21.720,2193
21.730,2227
21.740,2270
21.750,2209
21.760,2275
21.770,2283
21.780,2386
21.790,2372
21.800,2454
21.810,2457
21.820,2479
21.830,2512
21.840,2539
21.850,2576
21.860,2598
21.870,2672
21.880,2673
21.890,2692
21.900,2679
21.910,2750
21.920,2771
21.930,2681
21.940,2771
21.950,2671
21.960,2683
21.970,2672
21.980,2610
21.990,2587
22.000,2544
22.010,2493
22.020,2436
22.030,2469
22.040,2433
22.050,2399
22.060,2339
22.070,2373
22.080,2310
22.090,2307
22.100,2229
22.110,2214
22.120,2185
22.130,2219
22.140,2140
22.150,2115
22.160,2160
22.170,2129
22.180,2134
22.190,2110
22.200,2129
22.210,2095
22.220,2120
22.230,2128
22.240,2110
22.250,2082
22.260,2089
22.270,2097
22.280,2083
22.290,2066
22.300,2080
22.310,2160
22.320,2134
22.330,2177
22.340,2134
22.350,2150
22.360,2189
22.370,2173
22.380,2219
22.390,2192
22.400,2259
22.410,2299
22.420,2359
22.430,2413
22.440,2510
22.450,2489
22.460,2539
22.470,2609
22.480,2624
22.490,2697
22.500,2704
22.510,2691
22.520,2722
22.530,2710
22.540,2720
22.550,2646
22.560,2715
22.570,2692
22.580,2705
22.590,2666
22.600,2624
22.610,2646
22.620,2685
22.630,2559
22.640,2598
22.650,2515
22.660,2449
22.670,2471
22.680,2427
22.690,2416
22.700,2365
22.710,2310
22.720,2320
22.730,2302
22.740,2256
22.750,2330
22.760,2235
22.770,2240
22.780,2162
22.790,2155
22.800,2160
22.810,2119
22.820,2109
22.830,2112
22.840,2104
22.850,2093
22.860,2129
22.870,2115
22.880,2091
22.890,2079
22.900,2110
22.910,2128
22.920,2066
22.930,2051
22.940,2071
22.950,2129
22.960,2127
22.970,2179
22.980,2182
22.990,2194
23.000,2203
23.010,2173
23.020,2167
23.030,2173
23.040,2183
23.050,2191
23.060,2268
23.070,2221
23.080,2352
23.090,2342
23.100,2341
23.110,2368
23.120,2357
23.130,2429
23.140,2484
23.150,2484
23.160,2506
23.170,2566
23.180,2586
23.190,2672
23.200,2709
23.210,2703
23.220,2641
23.230,2704
23.240,2658
23.250,2700
23.260,2748
23.270,2725
23.280,2676
23.290,2768
23.300,2658
23.310,2667
23.320,2646
23.330,2610
23.340,2575
23.350,2467
23.360,2455
23.370,2411
23.380,2385
23.390,2351
23.400,2242
23.410,2213
23.420,2240
23.430,2195
23.440,2140
23.450,2109
23.460,2096
23.470,2112
23.480,2107
23.490,2079
23.500,2097
23.510,2096
23.520,2101
23.530,2085
23.540,2071
23.550,2034
23.560,1984
23.570,2057
23.580,2071
23.590,2022
23.600,2044
23.610,2091
23.620,2145
23.630,2101
23.640,2117
23.650,2099
23.660,2130
23.670,2101
23.680,2087
23.690,2139
23.700,2251
23.710,2224
23.720,2322
23.730,2385
23.740,2453
23.750,2502
23.760,2513
23.770,2672
23.780,2764
23.790,2816
23.800,2855
23.810,2861
23.820,2871
23.830,2867
23.840,2818
23.850,2801
23.860,2791
23.870,2775
23.880,2719
23.890,2701
23.900,2633
23.910,2597
23.920,2574
23.930,2535
23.940,2487
23.950,2450
23.960,2331
23.970,2340
23.980,2334
23.990,2198
24.000,2231
24.010,2206
24.020,2126
24.030,2171
24.040,2112
24.050,2137
24.060,2113
24.070,2103
24.080,2106
24.090,2096
24.100,2118
24.110,2107
24.120,2106
24.130,2083
24.140,2026
24.150,2096
24.160,2087
24.170,2080
24.180,2086
24.190,2079
24.200,2064
24.210,2111
24.220,2122
24.230,2130
24.240,2127
24.250,2130
24.260,2125
24.270,2194
24.280,2227
24.290,2241
24.300,2225
24.310,2270
24.320,2269
24.330,2383
24.340,2395
24.350,2458
24.360,2511
24.370,2597
24.380,2611
24.390,2697
24.400,2811
24.410,2799
24.420,2899
24.430,2960
24.440,2970
24.450,2981
24.460,2867
24.470,2816
24.480,2709
24.490,2689
24.500,2674
24.510,2645
24.520,2602
24.530,2505
24.540,2445
24.550,2389
24.560,2391
24.570,2355
24.580,2359
24.590,2382
24.600,2309
24.610,2214
24.620,2197
24.630,2165
24.640,2111
24.650,2086
24.660,2084
24.670,2096
24.680,2110
24.690,2094
24.700,2087
24.710,2101
24.720,2085
24.730,2084
24.740,2128
24.750,2093
24.760,2097
24.770,2096
24.780,2109
24.790,2123
24.800,2109
24.810,2112
24.820,2100
24.830,2157
24.840,2125
24.850,2160
24.860,2170
24.870,2128
24.880,2147
24.890,2115
24.900,2192
24.910,2130
24.920,2136
24.930,2246
24.940,2333
24.950,2347
24.960,2333
24.970,2339
24.980,2441
24.990,2357
25.000,2495
25.010,2559
25.020,2629
25.030,2691
25.040,2819
25.050,2822
25.060,2848
25.070,2877
25.080,2874
25.090,2942
25.100,2998
25.110,2897
25.120,2832
25.130,2798
25.140,2667
25.150,2634
25.160,2575
25.170,2503
25.180,2415
25.190,2334
25.200,2325
25.210,2270
25.220,2223
25.230,2143
25.240,2224
25.250,2113
25.260,2095
25.270,2103
25.280,2106
25.290,2083
25.300,2073
25.310,2077
25.320,2122
25.330,2135
25.340,2090
25.350,2075
25.360,2131
25.370,2132
25.380,2074
25.390,2059
25.400,2035
25.410,1963
25.420,1985
25.430,2014
25.440,1951
25.450,2032
25.460,2054
25.470,2074
25.480,2072
25.490,2155
25.500,2140
25.510,2221
25.520,2273
25.530,2406
25.540,2490
25.550,2543
25.560,2611
25.570,2685
25.580,2716
25.590,2725
25.600,2854
25.610,2961
25.620,3019
25.630,3041
25.640,3030
25.650,2951
25.660,2862
25.670,2741
25.680,2689
25.690,2655
25.700,2645
25.710,2597
25.720,2451
25.730,2397
25.740,2345
25.750,2343
25.760,2345
25.770,2314
25.780,2307
25.790,2235
25.800,2213
25.810,2180
25.820,2110
25.830,2155
25.840,2159
25.850,2151
25.860,2135
25.870,2114
25.880,2109
25.890,2085
25.900,2067
25.910,2081
25.920,2096
25.930,2054
25.940,2058
25.950,2038
25.960,2012
25.970,2023
25.980,2076
25.990,2061
26.000,2106
26.010,2096
26.020,2148
26.030,2139
26.040,2179
26.050,2211
26.060,2245
26.070,2290
26.080,2256
26.090,2258
26.100,2299
26.110,2352
26.120,2429
26.130,2512
26.140,2577
26.150,2640
26.160,2654
26.170,2706
26.180,2752
26.190,2791
26.200,2907
26.210,2883
26.220,3035
26.230,2973
26.240,2947
26.250,2884
26.260,2807
26.270,2693
26.280,2638
26.290,2622
26.300,2495
26.310,2437
26.320,2426
26.330,2320
26.340,2322
26.350,2219
26.360,2161
26.370,2095
26.380,2081
26.390,2087
26.400,2095
26.410,2038
26.420,2022
26.430,2061
26.440,1984
26.450,2010
26.460,2045
26.470,2054
26.480,1968
26.490,2031
26.500,1989
26.510,1986
26.520,1993
26.530,1946
26.540,2011
26.550,2017
26.560,2043
26.570,2099
26.580,2086
26.590,2060
26.600,2127
26.610,2129
26.620,2158
26.630,2192
26.640,2241
26.650,2323
26.660,2375
26.670,2421
26.680,2481
26.690,2613
26.700,2679
26.710,2783
26.720,2850
26.730,2944
26.740,2998
26.750,3024
26.760,3038
26.770,3041
26.780,2985
26.790,2837
26.800,2773
26.810,2695
26.820,2612
26.830,2599
26.840,2416
26.850,2370
26.860,2351
26.870,2304
26.880,2319
26.890,2249
26.900,2247
26.910,2183
26.920,2171
26.930,2081
26.940,2103
26.950,2075
26.960,2068
26.970,2054
26.980,2011
26.990,2070
27.000,2033
27.010,2047
27.020,1984
27.030,2047
27.040,2039
27.050,2015
27.060,2011
27.070,2038
27.080,2077
27.090,2066
27.100,2171
27.110,2160
27.120,2193
27.130,2175
27.140,2128
27.150,2127
27.160,2150
27.170,2102
27.180,2176
27.190,2242
27.200,2288
27.210,2295
27.220,2338
27.230,2351
27.240,2394
27.250,2424
27.260,2505
27.270,2551
27.280,2690
27.290,2699
27.300,2815
27.310,2832
27.320,2934
27.330,2931
27.340,2931
27.350,2974
27.360,2759
27.370,2703
27.380,2635
27.390,2629
27.400,2651
27.410,2529
27.420,2541
27.430,2507
27.440,2496
27.450,2480
27.460,2427
27.470,2337
27.480,2288
27.490,2288
27.500,2186
27.510,2196
27.520,2167
27.530,2141
27.540,2090
27.550,2113
27.560,2084
27.570,2053
27.580,2093
27.590,2036
27.600,2058
27.610,2046
27.620,2062
27.630,2042
27.640,2099
27.650,2029
27.660,2105
27.670,2128
27.680,2075
27.690,2118
27.700,2126
27.710,2147
27.720,2162
27.730,2211
27.740,2185
27.750,2155
27.760,2155
27.770,2126
27.780,2201
27.790,2199
27.800,2178
27.810,2212
27.820,2290
27.830,2382
27.840,2343
27.850,2435
27.860,2465
27.870,2598
27.880,2624
27.890,2759
27.900,2806
27.910,2899
27.920,2880
27.930,2949
27.940,2871
27.950,2918
27.960,2827
27.970,2789
27.980,2759
27.990,2699
28.000,2638
28.010,2573
28.020,2519
28.030,2495
28.040,2476
28.050,2389
28.060,2399
28.070,2322
28.080,2284
28.090,2288
28.100,2236
28.110,2175
28.120,2192
28.130,2131
28.140,2146
28.150,2109
28.160,2122
28.170,2141
28.180,2078
28.190,2084
28.200,2089
28.210,2114
28.220,2075
28.230,2083
28.240,2102
28.250,2064
28.260,2065
28.270,2033
28.280,2034
28.290,2047
28.300,2093
28.310,2099
28.320,2086
28.330,2118
28.340,2131
28.350,2117
28.360,2139
28.370,2125
28.380,2167
28.390,2233
28.400,2253
28.410,2343
28.420,2406
28.430,2418
28.440,2496
28.450,2545
28.460,2603
28.470,2631
28.480,2711
28.490,2807
28.500,2896
28.510,2998
28.520,3140
28.530,3087
28.540,2966
28.550,2896
28.560,2715
28.570,2625
28.580,2662
28.590,2544
28.600,2487
28.610,2423
28.620,2431
28.630,2369
28.640,2289
28.650,2331
28.660,2278
28.670,2245
28.680,2166
28.690,2173
28.700,2160
28.710,2163
28.720,2103
28.730,2141
28.740,2056
28.750,2062
28.760,2066
28.770,2058
28.780,2059
28.790,2032
28.800,2022
28.810,2032
28.820,2023
28.830,2007
28.840,2059
28.850,2030
28.860,2006
28.870,2118
28.880,2091
28.890,2097
28.900,2106
28.910,2138
28.920,2118
28.930,2112
28.940,2157
28.950,2255
28.960,2285
28.970,2315
28.980,2338
28.990,2363
29.000,2476
29.010,2494
29.020,2550
29.030,2661
29.040,2651
29.050,2789
29.060,2880
29.070,2848
29.080,2932
29.090,3018
29.100,3085
29.110,3071
29.120,2942
29.130,2964
29.140,2848
29.150,2726
29.160,2567
29.170,2623
29.180,2445
29.190,2403
29.200,2354
29.210,2297
29.220,2249
29.230,2174
29.240,2174
29.250,2106
29.260,2083
29.270,2020
29.280,2057
29.290,2000
29.300,1973
29.310,1979
29.320,1959
29.330,1982
29.340,1979
29.350,2000
29.360,1973
29.370,1984
29.380,2000
29.390,1965
29.400,1975
29.410,2021
29.420,2026
29.430,2046
29.440,2070
29.450,2096
29.460,2144
29.470,2111
29.480,2093
29.490,2112
29.500,2121
29.510,2137
29.520,2219
29.530,2319
29.540,2307
29.550,2374
29.560,2415
29.570,2509
29.580,2650
29.590,2670
29.600,2864
29.610,2930
29.620,3056
29.630,3019
29.640,3031
29.650,3010
29.660,3030
29.670,2945
29.680,2797
29.690,2779
29.700,2747
29.710,2656
29.720,2586
29.730,2576
29.740,2511
29.750,2426
29.760,2432
29.770,2359
29.780,2342
29.790,2265
29.800,2219
29.810,2176
29.820,2117
29.830,2054
29.840,2038
29.850,2000
29.860,1949
29.870,1984
29.880,1969
29.890,2032
29.900,1999
29.910,1985
29.920,1984
29.930,2032
29.940,2030
29.950,2005
29.960,2047
29.970,2059
29.980,2033
29.990,2046
30.000,2071
30.010,2125
30.020,2167
30.030,2167
30.040,2101
30.050,2113
30.060,2075
30.070,2149
30.080,2141
30.090,2160
30.100,2247
30.110,2292
30.120,2299
30.130,2385
30.140,2465
30.150,2555
30.160,2657
30.170,2767
30.180,2799
30.190,2842
30.200,2885
30.210,3022
30.220,2950
30.230,2992
30.240,3000
30.250,2857
30.260,2796
30.270,2751
30.280,2661
30.290,2607
30.300,2519
30.310,2502
30.320,2434
30.330,2421
30.340,2337
30.350,2383
30.360,2293
30.370,2287
30.380,2202
30.390,2202
30.400,2143
30.410,2131
30.420,2117
30.430,2047
30.440,2043
30.450,2094
30.460,2062
30.470,2114
30.480,2107
30.490,2052
30.500,2096
30.510,2054
30.520,2081
30.530,2046
30.540,2090
30.550,2054
30.560,2097
30.570,2080
30.580,2128
30.590,2145
30.600,2113
30.610,2117
30.620,2153
30.630,2103
30.640,2166
30.650,2176
30.660,2203
30.670,2192
30.680,2237
30.690,2367
30.700,2425
30.710,2453
30.720,2549
30.730,2624
30.740,2695
30.750,2766
30.760,2880
30.770,2944
30.780,2951
30.790,2981
30.800,2929
30.810,2869
30.820,2791
30.830,2577
30.840,2613
30.850,2587
30.860,2576
30.870,2547
30.880,2470
30.890,2475
30.900,2374
30.910,2384
30.920,2320
30.930,2295
30.940,2263
30.950,2224
30.960,2150
30.970,2222
30.980,2182
30.990,2128
31.000,2128
31.010,2125
31.020,2121
31.030,2074
31.040,2115
31.050,2077
31.060,2075
31.070,2055
31.080,2069
31.090,2077
31.100,2065
31.110,2096
31.120,2095
31.130,2081
31.140,2128
31.150,2106
31.160,2098
31.170,2146
31.180,2146
31.190,2130
31.200,2164
31.210,2112
31.220,2175
31.230,2215
31.240,2245
31.250,2315
31.260,2374
31.270,2386
31.280,2485
31.290,2556
31.300,2642
31.310,2755
31.320,2846
31.330,2854
31.340,2938
31.350,2919
31.360,2992
31.370,2955
31.380,2911
31.390,2730
31.400,2671
31.410,2662
31.420,2704
31.430,2544
31.440,2534
31.450,2491
31.460,2433
31.470,2430
31.480,2379
31.490,2322
31.500,2271
31.510,2285
31.520,2198
31.530,2176
31.540,2141
31.550,2128
31.560,2161
31.570,2108
31.580,2063
31.590,2163
31.600,2118
31.610,2093
31.620,2091
31.630,2112
31.640,2099
31.650,2113
31.660,2086
31.670,2024
31.680,2045
31.690,2055
31.700,2054
31.710,2018
31.720,2110
31.730,2095
31.740,2113
31.750,2093
31.760,2130
31.770,2134
31.780,2183
31.790,2189
31.800,2155
31.810,2238
31.820,2282
31.830,2345
31.840,2400
31.850,2480
31.860,2497
31.870,2605
31.880,2663
31.890,2736
31.900,2777
31.910,2835
31.920,2879
31.930,2901
31.940,2867
31.950,2871
31.960,2795
31.970,2768
31.980,2672
31.990,2702
32.000,2656
32.010,2631
32.020,2513
32.030,2449
32.040,2448
32.050,2448
32.060,2368
32.070,2355
32.080,2288
32.090,2275
32.100,2243
32.110,2172
32.120,2130
32.130,2092
32.140,2054
32.150,2047
32.160,2114
32.170,2128
32.180,2107
32.190,2112
32.200,2087
32.210,2063
32.220,2063
32.230,2084
32.240,2011
32.250,1990
32.260,2038
32.270,2005
32.280,2032
32.290,2034
32.300,2059
32.310,2128
32.320,2109
32.330,2166
32.340,2182
32.350,2198
32.360,2148
32.370,2154
32.380,2237
32.390,2305
32.400,2320
32.410,2378
32.420,2431
32.430,2493
32.440,2487
32.450,2559
32.460,2637
32.470,2704
32.480,2793
32.490,2782
32.500,2849
32.510,2886
32.520,2900
32.530,2865
32.540,2832
32.550,2830
32.560,2815
32.570,2721
32.580,2677
32.590,2661
32.600,2608
32.610,2530
32.620,2453
32.630,2397
32.640,2362
32.650,2367
32.660,2307
32.670,2235
32.680,2288
32.690,2227
32.700,2250
32.710,2176
32.720,2205
32.730,2122
32.740,2173
32.750,2130
32.760,2080
32.770,2143
32.780,2096
32.790,2132
32.800,2047
32.810,2039
32.820,2032
32.830,2017
32.840,2039
32.850,2042
32.860,2064
32.870,2032
32.880,2126
32.890,2114
32.900,2121
32.910,2107
32.920,2124
32.930,2155
32.940,2111
32.950,2138
32.960,2210
32.970,2249
32.980,2250
32.990,2288
33.000,2330
33.010,2352
33.020,2420
33.030,2461
33.040,2509
33.050,2619
33.060,2686
33.070,2810
33.080,2885
33.090,2945
33.100,2989
33.110,2980
33.120,2911
33.130,2901
33.140,2822
33.150,2826
33.160,2684
33.170,2669
33.180,2604
33.190,2479
33.200,2465
33.210,2407
33.220,2403
33.230,2332
33.240,2323
33.250,2304
33.260,2256
33.270,2256
33.280,2171
33.290,2142
33.300,2109
33.310,2063
33.320,2080
33.330,2011
33.340,2016
33.350,2016
33.360,1990
33.370,2023
33.380,2045
33.390,1987
33.400,2057
33.410,2035
33.420,2074
33.430,2012
33.440,2006
33.450,2041
33.460,2080
33.470,2102
33.480,2131
33.490,2098
33.500,2105
33.510,2152
33.520,2193
33.530,2199
33.540,2224
33.550,2208
33.560,2285
33.570,2330
33.580,2370
33.590,2469
33.600,2551
33.610,2640
33.620,2771
33.630,2829
33.640,2915
33.650,2909
33.660,3024
33.670,2992
33.680,3005
33.690,2947
33.700,2874
33.710,2850
33.720,2771
33.730,2738
33.740,2594
33.750,2589
33.760,2491
33.770,2438
33.780,2374
33.790,2266
33.800,2275
33.810,2256
33.820,2192
33.830,2128
33.840,2157
33.850,2128
33.860,2047
33.870,2098
33.880,2019
33.890,2046
33.900,2035
33.910,2034
33.920,2043
33.930,2070
33.940,2062
33.950,2085
33.960,2064
33.970,2102
33.980,2044
33.990,2069
34.000,2069
34.010,2059
34.020,2001
34.030,2082
34.040,2129
34.050,2095
34.060,2123
34.070,2095
34.080,2127
34.090,2126
34.100,2099
34.110,2113
34.120,2176
34.130,2271
34.140,2402
34.150,2421
34.160,2510
34.170,2558
34.180,2575
34.190,2637
34.200,2806
34.210,2962
34.220,3106
34.230,3222
34.240,3273
34.250,3222
34.260,3141
34.270,3051
34.280,2848
34.290,2634
34.300,2607
34.310,2508
34.320,2430
34.330,2371
34.340,2272
34.350,2221
34.360,2177
34.370,2175
34.380,2177
34.390,2160
34.400,2181
34.410,2112
34.420,2131
34.430,2113
34.440,2135
34.450,2126
34.460,2059
34.470,2082
34.480,2085
34.490,2074
34.500,2112
34.510,2061
34.520,2096
34.530,2063
34.540,2065
34.550,2051
34.560,2064
34.570,2064
34.580,2085
34.590,2096
34.600,2142
34.610,2160
34.620,2137
34.630,2119
34.640,2110
34.650,2102
34.660,2112
34.670,2145
34.680,2256
34.690,2242
34.700,2315
34.710,2410
34.720,2434
34.730,2587
34.740,2625
34.750,2737
34.760,2800
34.770,2873
34.780,2993
34.790,3038
34.800,3088
34.810,3011
34.820,2990
34.830,2928
34.840,2861
34.850,2744
34.860,2639
34.870,2590
34.880,2538
34.890,2465
34.900,2463
34.910,2437
34.920,2352
34.930,2368
34.940,2224
34.950,2203
34.960,2155
34.970,2138
34.980,2126
34.990,2096
35.000,2130
35.010,2064
35.020,2034
35.030,2027
35.040,2043
35.050,2096
35.060,2085
35.070,2063
35.080,2057
35.090,2029
35.100,2045
35.110,2000
35.120,1984
35.130,1965
35.140,1939
35.150,1974
35.160,2073
35.170,2047
35.180,2098
35.190,2085
35.200,2119
35.210,2097
35.220,2100
35.230,2117
35.240,2163
35.250,2251
35.260,2226
35.270,2298
35.280,2352
35.290,2452
35.300,2532
35.310,2624
35.320,2735
35.330,2817
35.340,3006
35.350,3153
35.360,3203
35.370,3227
35.380,3191
35.390,3114
35.400,2845
35.410,2902
35.420,2783
35.430,2596
35.440,2583
35.450,2455
35.460,2403
35.470,2320
35.480,2318
35.490,2286
35.500,2247
35.510,2173
35.520,2193
35.530,2176
35.540,2160
35.550,2082
35.560,2065
35.570,2063
35.580,2059
35.590,2038
35.600,2061
35.610,2000
35.620,2058
35.630,2096
35.640,2023
35.650,2014
35.660,2047
35.670,2013
35.680,2064
35.690,2039
35.700,2065
35.710,2061
35.720,2092
35.730,2107
35.740,2064
35.750,2106
35.760,2106
35.770,2034
35.780,2085
35.790,2096
35.800,2113
35.810,2195
35.820,2317
35.830,2418
35.840,2512
35.850,2640
35.860,2731
35.870,2754
35.880,2848
35.890,2909
35.900,2966
35.910,3041
35.920,3086
35.930,3025
35.940,2942
35.950,2851
35.960,2713
35.970,2697
35.980,2625
35.990,2509
36.000,2515
36.010,2461
36.020,2439
36.030,2446
36.040,2369
36.050,2345
36.060,2347
36.070,2272
36.080,2241
36.090,2229
36.100,2159
36.110,2109
36.120,2127
36.130,2057
36.140,2118
36.150,2031
36.160,2063
36.170,2055
36.180,2060
36.190,2015
36.200,2031
36.210,2037
36.220,2033
36.230,2013
36.240,2017
36.250,2013
36.260,2032
36.270,2073
36.280,2077
36.290,2074
36.300,2113
36.310,2107
36.320,2081
36.330,2128
36.340,2172
36.350,2169
36.360,2192
36.370,2191
36.380,2203
36.390,2288
36.400,2378
36.410,2496
36.420,2583
36.430,2717
36.440,2784
36.450,2811
36.460,2912
36.470,2930
36.480,3038
36.490,3107
36.500,3082
36.510,3041
36.520,2928
36.530,2779
36.540,2605
36.550,2579
36.560,2480
36.570,2443
36.580,2393
36.590,2339
36.600,2351
36.610,2319
36.620,2259
36.630,2246
36.640,2191
36.650,2163
36.660,2157
36.670,2111
36.680,2097
36.690,2081
36.700,2057
36.710,2066
36.720,2028
36.730,2059
36.740,2019
36.750,2005
36.760,1968
36.770,2036
36.780,1988
36.790,1954
36.800,2020
36.810,1936
36.820,2026
36.830,2039
36.840,2021
36.850,2007
36.860,2081
36.870,2089
36.880,2096
36.890,2133
36.900,2178
36.910,2274
36.920,2359
36.930,2464
36.940,2595
36.950,2722
36.960,2774
36.970,2804
36.980,2850
36.990,2962
37.000,3031
37.010,3162
37.020,3115
37.030,2942
37.040,2838
37.050,2705
37.060,2529
37.070,2523
37.080,2550
37.090,2533
37.100,2446
37.110,2337
37.120,2317
37.130,2268
37.140,2209
37.150,2128
37.160,2133
37.170,2076
37.180,2031
37.190,2015
37.200,2055
37.210,2015
37.220,1967
37.230,1968
37.240,1931
37.250,1952
37.260,1931
37.270,1937
37.280,1926
37.290,1920
37.300,1911
37.310,1945
37.320,1947
37.330,1984
37.340,2028
37.350,2035
37.360,2055
37.370,2069
37.380,2043
37.390,2053
37.400,2082
37.410,2169
37.420,2277
37.430,2444
37.440,2526
37.450,2669
37.460,2777
37.470,2802
37.480,2900
37.490,3009
37.500,3041
37.510,3113
37.520,3151
37.530,3101
37.540,3037
37.550,2934
37.560,2815
37.570,2704
37.580,2653
37.590,2639
37.600,2572
37.610,2502
37.620,2449
37.630,2352
37.640,2283
37.650,2299
37.660,2188
37.670,2139
37.680,2080
37.690,2033
37.700,2018
37.710,2042
37.720,2014
37.730,1970
37.740,1969
37.750,1946
37.760,1937
37.770,1961
37.780,1984
37.790,1939
37.800,1991
37.810,1993
37.820,1997
37.830,1995
37.840,2044
37.850,2032
37.860,2021
37.870,2032
37.880,2026
37.890,2023
37.900,1986
37.910,2017
37.920,2101
37.930,2173
37.940,2320
37.950,2410
37.960,2486
37.970,2640
37.980,2709
37.990,2859
38.000,3056
38.010,3296
38.020,3285
38.030,3293
38.040,3162
38.050,3017
38.060,2881
38.070,2667
38.080,2719
38.090,2528
38.100,2455
38.110,2468
38.120,2397
38.130,2361
38.140,2319
38.150,2273
38.160,2219
38.170,2214
38.180,2192
38.190,2123
38.200,2141
38.210,2115
38.220,2047
38.230,1986
38.240,1983
38.250,1999
38.260,2000
38.270,2023
38.280,2046
38.290,2033
38.300,2014
38.310,2005
38.320,2035
38.330,2017
38.340,2021
38.350,2055
38.360,2032
38.370,2054
38.380,2083
38.390,2018
38.400,2037
38.410,2043
38.420,2028
38.430,2027
38.440,2097
38.450,2217
38.460,2301
38.470,2368
38.480,2401
38.490,2457
38.500,2575
38.510,2665
38.520,2770
38.530,2841
38.540,2966
38.550,3110
38.560,3100
38.570,3003
38.580,2917
38.590,2864
38.600,2795
38.610,2577
38.620,2579
38.630,2578
38.640,2547
38.650,2498
38.660,2470
38.670,2423
38.680,2371
38.690,2318
38.700,2315
38.710,2270
38.720,2160
38.730,2210
38.740,2181
38.750,2187
38.760,2098
38.770,2131
38.780,2097
38.790,2142
38.800,2085
38.810,2111
38.820,2085
38.830,2058
38.840,2059
38.850,2058
38.860,2009
38.870,1984
38.880,1973
38.890,1943
38.900,1993
38.910,2057
38.920,2080
38.930,2092
38.940,2083
38.950,2140
38.960,2197
38.970,2235
38.980,2231
38.990,2240
39.000,2352
39.010,2380
39.020,2413
39.030,2512
39.040,2645
39.050,2754
39.060,2765
39.070,2849
39.080,2966
39.090,3008
39.100,3038
39.110,3014
39.120,3024
39.130,2929
39.140,2841
39.150,2752
39.160,2646
39.170,2643
39.180,2583
39.190,2494
39.200,2349
39.210,2330
39.220,2277
39.230,2220
39.240,2153
39.250,2185
39.260,2155
39.270,2043
39.280,2054
39.290,2045
39.300,2030
39.310,2013
39.320,2001
39.330,1994
39.340,1996
39.350,1949
39.360,1975
39.370,1968
39.380,1930
39.390,1941
39.400,1979
39.410,1978
39.420,2003
39.430,2063
39.440,2103
39.450,2044
39.460,2064
39.470,2038
39.480,2061
39.490,2129
39.500,2130
39.510,2207
39.520,2343
39.530,2352
39.540,2438
39.550,2552
39.560,2621
39.570,2790
39.580,2884
39.590,2992
39.600,3086
39.610,3138
39.620,3156
39.630,3136
39.640,3033
39.650,2925
39.660,2846
39.670,2698
39.680,2704
39.690,2575
39.700,2460
39.710,2402
39.720,2318
39.730,2238
39.740,2202
39.750,2173
39.760,2128
39.770,2095
39.780,2127
39.790,2063
39.800,2086
39.810,2017
39.820,1995
39.830,2001
39.840,1984
39.850,1953
39.860,1959
39.870,1963
39.880,1936
39.890,1946
39.900,1936
39.910,1952
39.920,1998
39.930,2061
39.940,2096
39.950,2081
39.960,2126
39.970,2052
39.980,2085
39.990,2121
40.000,2192
40.010,2254
40.020,2288
40.030,2358
40.040,2400
40.050,2496
40.060,2511
40.070,2656
40.080,2763
40.090,2849
40.100,2975
40.110,3077
40.120,3148
40.130,3184
40.140,3159
40.150,2951
40.160,2832
40.170,2752
40.180,2672
40.190,2576
40.200,2471
40.210,2377
40.220,2331
40.230,2299
40.240,2287
40.250,2237
40.260,2181
40.270,2218
40.280,2150
40.290,2137
40.300,2089
40.310,2080
40.320,2055
40.330,2059
40.340,1963
40.350,2005
40.360,1997
40.370,1997
40.380,1955
40.390,2002
40.400,1968
40.410,1918
40.420,1896
40.430,1888
40.440,1895
40.450,1937
40.460,1978
40.470,2019
40.480,1994
40.490,1979
40.500,2074
40.510,2146
40.520,2218
40.530,2281
40.540,2335
40.550,2446
40.560,2540
40.570,2662
40.580,2789
40.590,2928
40.600,3071
40.610,3210
40.620,3309
40.630,3263
40.640,3221
40.650,3066
40.660,2942
40.670,2747
40.680,2611
40.690,2523
40.700,2450
40.710,2377
40.720,2336
40.730,2317
40.740,2233
40.750,2210
40.760,2295
40.770,2235
40.780,2169
40.790,2192
40.800,2130
40.810,2103
40.820,2064
40.830,2019
40.840,2006
40.850,1987
40.860,1968
40.870,1935
40.880,1936
40.890,1957
40.900,1883
40.910,1950
40.920,1918
40.930,1970
40.940,1995
40.950,2010
40.960,2042
40.970,2066
40.980,2089
40.990,2122
41.000,2128
41.010,2256
41.020,2258
41.030,2271
41.040,2372
41.050,2414
41.060,2437
41.070,2597
41.080,2651
41.090,2771
41.100,2863
41.110,2868
41.120,2963
41.130,3081
41.140,3055
41.150,3087
41.160,3056
41.170,2975
41.180,2799
41.190,2698
41.200,2614
41.210,2579
41.220,2498
41.230,2438
41.240,2390
41.250,2240
41.260,2223
41.270,2149
41.280,2192
41.290,2110
41.300,2044
41.310,2063
41.320,1985
41.330,2007
41.340,1941
41.350,1968
41.360,1981
41.370,1964
41.380,1953
41.390,2002
41.400,1961
41.410,1985
41.420,2023
41.430,1999
41.440,2015
41.450,2042
41.460,2067
41.470,2096
41.480,2129
41.490,2108
41.500,2155
41.510,2173
41.520,2223
41.530,2277
41.540,2322
41.550,2423
41.560,2507
41.570,2605
41.580,2679
41.590,2745
41.600,2805
41.610,2895
41.620,2975
41.630,2969
41.640,3019
41.650,3043
41.660,2963
41.670,2926
41.680,2793
41.690,2735
41.700,2658
41.710,2622
41.720,2559
41.730,2487
41.740,2402
41.750,2297
41.760,2247
41.770,2157
41.780,2130
41.790,2111
41.800,2094
41.810,2018
41.820,1987
41.830,1979
41.840,1968
41.850,1973
41.860,1958
41.870,2035
41.880,1973
41.890,1979
41.900,1935
41.910,1979
41.920,1968
41.930,1960
41.940,1984
41.950,2011
41.960,2012
41.970,2067
41.980,2077
41.990,2115
42.000,2128
42.010,2175
42.020,2196
42.030,2229
42.040,2251
42.050,2278
42.060,2327
42.070,2383
42.080,2411
42.090,2457
42.100,2543
42.110,2547
42.120,2643
42.130,2730
42.140,2773
42.150,2864
42.160,2974
42.170,3011
42.180,2995
42.190,2914
42.200,2898
42.210,2815
42.220,2768
42.230,2681
42.240,2639
42.250,2613
42.260,2528
42.270,2415
42.280,2352
42.290,2327
42.300,2209
42.310,2225
42.320,2211
42.330,2171
42.340,2121
42.350,2097
42.360,2069
42.370,2030
42.380,1995
42.390,2038
42.400,2005
42.410,2022
42.420,1973
42.430,1965
42.440,1957
42.450,1938
42.460,1957
42.470,1983
42.480,1987
42.490,2026
42.500,2016
42.510,2058
42.520,2074
42.530,2022
42.540,2081
42.550,2171
42.560,2191
42.570,2236
42.580,2288
42.590,2345
42.600,2410
42.610,2495
42.620,2628
42.630,2694
42.640,2819
42.650,2946
42.660,2992
42.670,3099
42.680,3109
42.690,3085
42.700,3013
42.710,2925
42.720,2800
42.730,2721
42.740,2639
42.750,2571
42.760,2526
42.770,2444
42.780,2355
42.790,2327
42.800,2254
42.810,2225
42.820,2172
42.830,2107
42.840,2115
42.850,2069
42.860,2030
42.870,2031
42.880,2027
42.890,2009
42.900,2041
42.910,2007
42.920,1995
42.930,1970
42.940,1994
42.950,1971
42.960,1977
42.970,1968
42.980,1948
42.990,2003
43.000,2031
43.010,2024
43.020,2106
43.030,2058
43.040,2065
43.050,2027
43.060,2019
43.070,2131
43.080,2159
43.090,2288
43.100,2361
43.110,2544
43.120,2640
43.130,2749
43.140,2898
43.150,2990
43.160,3166
43.170,3186
43.180,3275
43.190,3248
43.200,3166
43.210,3002
43.220,2847
43.230,2755
43.240,2631
43.250,2597
43.260,2521
43.270,2439
43.280,2397
43.290,2260
43.300,2195
43.310,2215
43.320,2175
43.330,2027
43.340,2074
43.350,1972
43.360,1991
43.370,1934
43.380,1926
43.390,1885
43.400,1909
43.410,1922
43.420,1941
43.430,1911
43.440,1938
43.450,1916
43.460,1914
43.470,1969
43.480,2016
43.490,1981
43.500,2000
43.510,2032
43.520,2067
43.530,2098
43.540,2123
43.550,2122
43.560,2193
43.570,2292
43.580,2333
43.590,2415
43.600,2593
43.610,2708
43.620,2784
43.630,2915
43.640,3022
43.650,3153
43.660,3281
43.670,3239
43.680,3163
43.690,3023
43.700,2906
43.710,2805
43.720,2704
43.730,2576
43.740,2517
43.750,2447
43.760,2342
43.770,2258
43.780,2207
43.790,2166
43.800,2107
43.810,2064
43.820,2073
43.830,2033
43.840,2036
43.850,1991
43.860,1990
43.870,1977
43.880,1975
43.890,1953
43.900,1984
43.910,1995
43.920,1991
43.930,1998
43.940,1981
43.950,1982
43.960,1993
43.970,2000
43.980,2015
43.990,2031
44.000,2027
44.010,2046
44.020,2076
44.030,2112
44.040,2099
44.050,2165
44.060,2255
44.070,2353
44.080,2541
44.090,2613
44.100,2816
44.110,2846
44.120,3034
44.130,3140
44.140,3216
44.150,3065
44.160,3057
44.170,2906
44.180,2832
44.190,2699
44.200,2720
44.210,2603
44.220,2544
44.230,2475
44.240,2454
44.250,2386
44.260,2343
44.270,2272
44.280,2256
44.290,2160
44.300,2157
44.310,2118
44.320,2075
44.330,1984
44.340,2000
44.350,1969
44.360,1955
44.370,1937
44.380,1958
44.390,1962
44.400,1956
44.410,1981
44.420,2001
44.430,1968
44.440,1981
44.450,1969
44.460,2001
44.470,2046
44.480,2010
44.490,2013
44.500,1991
44.510,1983
44.520,2003
44.530,2086
44.540,2258
44.550,2401
44.560,2604
44.570,2738
44.580,2928
44.590,3055
44.600,3101
44.610,3230
44.620,3291
44.630,3215
44.640,3157
44.650,2944
44.660,2770
44.670,2677
44.680,2619
44.690,2613
44.700,2517
44.710,2445
44.720,2352
44.730,2291
44.740,2241
44.750,2208
44.760,2141
44.770,2088
44.780,2047
44.790,2010
44.800,1982
44.810,1965
44.820,1906
44.830,1871
44.840,1899
44.850,1895
44.860,1877
44.870,1920
44.880,1918
44.890,1891
44.900,1899
44.910,1950
44.920,1969
44.930,1991
44.940,2015
44.950,1987
44.960,1982
44.970,2063
44.980,2110
44.990,2129
45.000,2223
45.010,2287
45.020,2384
45.030,2518
45.040,2685
45.050,2869
45.060,3095
45.070,3255
45.080,3533
45.090,3556
45.100,3460
45.110,3219
45.120,2988
45.130,2826
45.140,2513
45.150,2539
45.160,2431
45.170,2349
45.180,2276
45.190,2248
45.200,2224
45.210,2160
45.220,2158
45.230,2109
45.240,2128
45.250,2057
45.260,1999
45.270,1975
45.280,1950
45.290,1877
45.300,1931
45.310,1878
45.320,1872
45.330,1888
45.340,1815
45.350,1886
45.360,1876
45.370,1899
45.380,1936
45.390,2000
45.400,2076
45.410,2064
45.420,2094
45.430,2129
45.440,2160
45.450,2234
45.460,2272
45.470,2363
45.480,2446
45.490,2578
45.500,2640
45.510,2781
45.520,3115
45.530,3317
45.540,3325
45.550,3345
45.560,3181
45.570,2992
45.580,2897
45.590,2699
45.600,2714
45.610,2602
45.620,2585
45.630,2448
45.640,2386
45.650,2327
45.660,2240
45.670,2221
45.680,2125
45.690,2097
45.700,2102
45.710,2011
45.720,2015
45.730,1995
45.740,1947
45.750,1887
45.760,1926
45.770,1906
45.780,1910
45.790,1877
45.800,1871
45.810,1823
45.820,1872
45.830,1884
45.840,1903
45.850,1939
45.860,1961
45.870,1967
45.880,1969
45.890,1984
45.900,2085
45.910,2112
45.920,2259
45.930,2322
45.940,2535
45.950,2752
45.960,2955
45.970,3171
45.980,3455
45.990,3442
46.000,3106
46.010,2941
46.020,2768
46.030,2569
46.040,2567
46.050,2554
46.060,2496
46.070,2362
46.080,2367
46.090,2277
46.100,2182
46.110,2178
46.120,2142
46.130,2100
46.140,2055
46.150,2078
46.160,1993
46.170,2022
46.180,1959
46.190,1999
46.200,2022
46.210,1973
46.220,1980
46.230,1939
46.240,1985
46.250,1968
46.260,1920
46.270,1937
46.280,1967
46.290,2003
46.300,1958
46.310,2045
46.320,2021
46.330,2032
46.340,2096
46.350,2115
46.360,2163
46.370,2239
46.380,2314
46.390,2421
46.400,2611
46.410,2685
46.420,2911
46.430,3025
46.440,3216
46.450,3356
46.460,3393
46.470,3299
46.480,3158
46.490,2971
46.500,2800
46.510,2630
46.520,2578
46.530,2500
46.540,2395
46.550,2320
46.560,2288
46.570,2203
46.580,2185
46.590,2170
46.600,2130
46.610,2067
46.620,1983
46.630,2036
46.640,1965
46.650,1942
46.660,1923
46.670,1939
46.680,1920
46.690,1867
46.700,1886
46.710,1847
46.720,1870
46.730,1926
46.740,1936
46.750,1921
46.760,1933
46.770,1949
46.780,2017
46.790,2017
46.800,2074
46.810,2071
46.820,2155
46.830,2195
46.840,2314
46.850,2436
46.860,2576
46.870,2651
46.880,2743
46.890,2884
46.900,3051
46.910,3261
46.920,3418
46.930,3371
46.940,3233
46.950,3055
46.960,2861
46.970,2704
46.980,2576
46.990,2530
47.000,2477
47.010,2369
47.020,2320
47.030,2274
47.040,2217
47.050,2198
47.060,2137
47.070,2125
47.080,2071
47.090,2018
47.100,1968
47.110,1942
47.120,1939
47.130,1905
47.140,1862
47.150,1903
47.160,1891
47.170,1886
47.180,1863
47.190,1872
47.200,1892
47.210,1934
47.220,1963
47.230,1984
47.240,1965
47.250,1968
47.260,1970
47.270,2009
47.280,2032
47.290,2143
47.300,2183
47.310,2314
47.320,2449
47.330,2636
47.340,2863
47.350,3242
47.360,3536
47.370,3696
47.380,3637
47.390,3476
47.400,3245
47.410,3042
47.420,2832
47.430,2623
47.440,2503
47.450,2448
47.460,2322
47.470,2236
47.480,2153
47.490,2162
47.500,2130
47.510,2093
47.520,2005
47.530,2000
47.540,1970
47.550,1970
47.560,1965
47.570,1913
47.580,1904
47.590,1901
47.600,1899
47.610,1937
47.620,1909
47.630,1894
47.640,1903
47.650,1909
47.660,1895
47.670,1943
47.680,1943
47.690,2007
47.700,1991
47.710,2037
47.720,2042
47.730,2131
47.740,2256
47.750,2306
47.760,2550
47.770,2727
47.780,2975
47.790,3140
47.800,3231
47.810,3214
47.820,3313
47.830,3389
47.840,3163
47.850,3006
47.860,2747
47.870,2642
47.880,2645
47.890,2543
47.900,2421
47.910,2362
47.920,2320
47.930,2241
47.940,2245
47.950,2146
47.960,2121
47.970,2095
47.980,2034
47.990,1968
48.000,1973
48.010,1904
48.020,1901
48.030,1851
48.040,1861
48.050,1850
48.060,1871
48.070,1866
48.080,1888
48.090,1885
48.100,1889
48.110,1920
48.120,1963
48.130,1963
48.140,1983
48.150,1949
48.160,1973
48.170,1955
48.180,2029
48.190,2058
48.200,2192
48.210,2288
48.220,2463
48.230,2692
48.240,3007
48.250,3219
48.260,3482
48.270,3667
48.280,3655
48.290,3456
48.300,3223
48.310,2918
48.320,2723
48.330,2592
48.340,2496
48.350,2375
48.360,2304
48.370,2219
48.380,2178
48.390,2118
48.400,2074
48.410,2060
48.420,2047
48.430,2064
48.440,1983
48.450,1989
48.460,1924
48.470,1937
48.480,1943
48.490,1920
48.500,1888
48.510,1875
48.520,1847
48.530,1916
48.540,1883
48.550,1927
48.560,1945
48.570,1946
48.580,1973
48.590,1968
48.600,1979
48.610,2015
48.620,2081
48.630,2112
48.640,2221
48.650,2327
48.660,2521
48.670,2698
48.680,2823
48.690,3115
48.700,3325
48.710,3504
48.720,3731
48.730,3533
48.740,3256
48.750,3019
48.760,2820
48.770,2659
48.780,2544
48.790,2477
48.800,2327
48.810,2309
48.820,2213
48.830,2176
48.840,2114
48.850,2103
48.860,2069
48.870,2057
48.880,1990
48.890,1946
48.900,1904
48.910,1869
48.920,1840
48.930,1822
48.940,1844
48.950,1743
48.960,1775
48.970,1812
48.980,1795
48.990,1847
49.000,1838
49.010,1889
49.020,1911
49.030,1915
49.040,2003
49.050,2096
49.060,2149
49.070,2343
49.080,2528
49.090,2657
49.100,2855
49.110,3143
49.120,3286
49.130,3365
49.140,3392
49.150,3261
49.160,3133
49.170,2960
49.180,2839
49.190,2707
49.200,2579
49.210,2513
49.220,2401
49.230,2337
49.240,2235
49.250,2202
49.260,2112
49.270,2082
49.280,2018
49.290,1984
49.300,1936
49.310,1979
49.320,1971
49.330,1955
49.340,1947
49.350,1936
49.360,1963
49.370,1919
49.380,1958
49.390,1925
49.400,1987
49.410,2015
49.420,1977
49.430,2031
49.440,2027
49.450,2079
49.460,2067
49.470,2037
49.480,2113
49.490,2178
49.500,2224
49.510,2270
49.520,2406
49.530,2433
49.540,2589
49.550,2798
49.560,2897
49.570,2992
49.580,3157
49.590,3221
49.600,3153
49.610,3146
49.620,2986
49.630,2839
49.640,2779
49.650,2647
49.660,2591
49.670,2496
49.680,2441
49.690,2368
49.700,2301
49.710,2191
49.720,2167
49.730,2112
49.740,2079
49.750,2005
49.760,1988
49.770,2003
49.780,1954
49.790,1987
49.800,1921
49.810,1919
49.820,1968
49.830,1964
49.840,1925
49.850,1906
49.860,1951
49.870,1937
49.880,1979
49.890,1984
49.900,2018
49.910,2042
49.920,2127
49.930,2113
49.940,2129
49.950,2260
49.960,2245
49.970,2362
49.980,2405
49.990,2598
50.000,2749
50.010,2861
50.020,3035
50.030,3127
50.040,3220
50.050,3223
50.060,3222
50.070,3106
50.080,2934
50.090,2752
50.100,2624
50.110,2576
50.120,2469
50.130,2345
50.140,2284
50.150,2257
50.160,2160
50.170,2127
50.180,2021
50.190,2082
50.200,2045
50.210,1971
50.220,2015
50.230,1951
50.240,1974
50.250,1917
50.260,1939
50.270,1929
50.280,1923
50.290,1910
50.300,1894
50.310,1943
50.320,1942
50.330,1963
50.340,1939
50.350,2032
50.360,2015
50.370,2055
50.380,2063
50.390,2137
50.400,2234
50.410,2282
50.420,2465
50.430,2639
50.440,2768
50.450,2923
50.460,2977
50.470,3229
50.480,3216
50.490,3280
50.500,3254
50.510,3008
50.520,2866
50.530,2761
50.540,2624
50.550,2619
50.560,2451
50.570,2402
50.580,2289
50.590,2204
50.600,2186
50.610,2123
50.620,2134
50.630,2032
50.640,2037
50.650,1997
50.660,1923
50.670,1954
50.680,1925
50.690,1905
50.700,1857
50.710,1867
50.720,1872
50.730,1938
50.740,1936
50.750,1935
50.760,1922
50.770,1936
50.780,1955
50.790,1984
50.800,1997
50.810,2064
50.820,2066
50.830,2103
50.840,2181
50.850,2291
50.860,2381
50.870,2607
50.880,2827
50.890,3065
50.900,3239
50.910,3425
50.920,3381
50.930,3200
50.940,3081
50.950,2896
50.960,2759
50.970,2640
50.980,2659
50.990,2523
51.000,2403
51.010,2368
51.020,2255
51.030,2225
51.040,2141
51.050,2067
51.060,2035
51.070,2032
51.080,1990
51.090,1973
51.100,1965
51.110,1968
51.120,1907
51.130,1885
51.140,1880
51.150,1903
51.160,1904
51.170,1875
51.180,1921
51.190,1919
51.200,1939
51.210,2010
51.220,1982
51.230,2026
51.240,2051
51.250,2093
51.260,2124
51.270,2174
51.280,2183
51.290,2283
51.300,2343
51.310,2478
51.320,2608
51.330,2859
51.340,3042
51.350,3253
51.360,3484
51.370,3630
51.380,3329
51.390,3145
51.400,2983
51.410,2781
51.420,2620
51.430,2525
51.440,2354
51.450,2289
51.460,2178
51.470,2129
51.480,2155
51.490,2066
51.500,2081
51.510,2046
51.520,2017
51.530,1955
51.540,1951
51.550,1937
51.560,1949
51.570,1920
51.580,1899
51.590,1926
51.600,1922
51.610,1921
51.620,1932
51.630,1947
51.640,1957
51.650,1985
51.660,1984
51.670,2029
51.680,2000
51.690,2162
51.700,2220
51.710,2256
51.720,2365
51.730,2489
51.740,2682
51.750,2796
51.760,2998
51.770,3115
51.780,3228
51.790,3381
51.800,3322
51.810,3120
51.820,3024
51.830,2783
51.840,2672
51.850,2567
51.860,2438
51.870,2327
51.880,2314
51.890,2233
51.900,2143
51.910,2087
51.920,2071
51.930,2005
51.940,1969
51.950,1967
51.960,2011
51.970,1957
51.980,1953
51.990,1970
52.000,1939
52.010,1965
52.020,1950
52.030,2003
52.040,1966
52.050,2017
52.060,2013
52.070,2046
52.080,2090
52.090,2070
52.100,2121
52.110,2128
52.120,2143
52.130,2122
52.140,2169
52.150,2224
52.160,2265
52.170,2362
52.180,2486
52.190,2595
52.200,2673
52.210,2896
52.220,3023
52.230,3181
52.240,3280
52.250,3298
52.260,3114
52.270,2915
52.280,2827
52.290,2631
52.300,2589
52.310,2495
52.320,2407
52.330,2250
52.340,2224
52.350,2146
52.360,2158
52.370,2060
52.380,2064
52.390,2032
52.400,2023
52.410,1968
52.420,1969
52.430,1933
52.440,1984
52.450,1938
52.460,1930
52.470,1959
52.480,1919
52.490,1949
52.500,1948
52.510,1968
52.520,1967
52.530,2000
52.540,2054
52.550,2078
52.560,2141
52.570,2171
52.580,2255
52.590,2322
52.600,2432
52.610,2582
52.620,2698
52.630,2854
52.640,3026
52.650,3125
52.660,3195
52.670,3248
52.680,3135
52.690,3020
52.700,2876
52.710,2749
52.720,2595
52.730,2549
52.740,2416
52.750,2393
52.760,2241
52.770,2175
52.780,2131
52.790,2105
52.800,2057
52.810,2031
52.820,1969
52.830,1970
52.840,1934
52.850,1984
52.860,1918
52.870,1942
52.880,1859
52.890,1939
52.900,1874
52.910,1906
52.920,1906
52.930,1882
52.940,1919
52.950,1942
52.960,1948
52.970,1991
52.980,2038
52.990,2107
53.000,2182
53.010,2238
53.020,2432
53.030,2520
53.040,2688
53.050,2832
53.060,3122
53.070,3250
53.080,3394
53.090,2992
53.100,2824
53.110,2649
53.120,2663
53.130,2624
53.140,2672
53.150,2509
53.160,2353
53.170,2363
53.180,2298
53.190,2220
53.200,2155
53.210,2114
53.220,2095
53.230,2032
53.240,2038
53.250,2002
53.260,1970
53.270,1967
53.280,1888
53.290,1871
53.300,1882
53.310,1882
53.320,1857
53.330,1865
53.340,1875
53.350,1859
53.360,1886
53.370,1907
53.380,1999
53.390,2018
53.400,2030
53.410,2078
53.420,2149
53.430,2245
53.440,2329
53.450,2417
53.460,2567
53.470,2736
53.480,2851
53.490,2973
53.500,3152
53.510,3221
53.520,3297
53.530,3215
53.540,3119
53.550,2925
53.560,2607
53.570,2592
53.580,2595
53.590,2453
53.600,2442
53.610,2343
53.620,2295
53.630,2225
53.640,2173
53.650,2163
53.660,2145
53.670,2016
53.680,1989
53.690,2013
53.700,1979
53.710,1923
53.720,1911
53.730,1873
53.740,1881
53.750,1877
53.760,1879
53.770,1858
53.780,1888
53.790,1901
53.800,1962
53.810,1949
53.820,1975
53.830,1963
53.840,1999
53.850,2017
53.860,2059
53.870,2141
53.880,2187
53.890,2322
53.900,2453
53.910,2577
53.920,2867
53.930,3059
53.940,3267
53.950,3401
53.960,3494
53.970,3434
53.980,3219
53.990,2960
54.000,2806
54.010,2593
54.020,2531
54.030,2400
54.040,2352
54.050,2257
54.060,2240
54.070,2149
54.080,2101
54.090,2058
54.100,2080
54.110,2032
54.120,2013
54.130,1991
54.140,1982
54.150,1915
54.160,1943
54.170,1915
54.180,1904
54.190,1905
54.200,1858
54.210,1921
54.220,1891
54.230,1918
54.240,1911
54.250,1954
54.260,1952
54.270,1962
54.280,1973
54.290,2012
54.300,2064
54.310,2158
54.320,2239
54.330,2445
54.340,2594
54.350,2786
54.360,3068
54.370,3199
54.380,3275
54.390,3388
54.400,3360
54.410,3241
54.420,3050
54.430,2893
54.440,2694
54.450,2720
54.460,2559
54.470,2490
54.480,2397
54.490,2278
54.500,2224
54.510,2179
54.520,2141
54.530,2079
54.540,2000
54.550,1982
54.560,1941
54.570,1947
54.580,1929
54.590,1904
54.600,1874
54.610,1876
54.620,1882
54.630,1921
54.640,1885
54.650,1875
54.660,1877
54.670,1869
54.680,1915
54.690,1901
54.700,1886
54.710,1968
54.720,1987
54.730,2013
54.740,2123
54.750,2161
54.760,2383
54.770,2537
54.780,2767
54.790,2953
54.800,3310
54.810,3480
54.820,3472
54.830,3564
54.840,3488
54.850,3116
54.860,2947
54.870,2787
54.880,2583
54.890,2484
54.900,2341
54.910,2293
54.920,2192
54.930,2192
54.940,2180
54.950,2096
54.960,2095
54.970,2101
54.980,2037
54.990,1995
55.000,1987
55.010,1955
55.020,1918
55.030,1951
55.040,1921
55.050,1878
55.060,1859
55.070,1890
55.080,1831
55.090,1856
55.100,1889
55.110,1883
55.120,1901
55.130,1923
55.140,1984
55.150,2015
55.160,2079
55.170,2194
55.180,2338
55.190,2480
55.200,2628
55.210,2832
55.220,2942
55.230,3159
55.240,3382
55.250,3366
55.260,3278
55.270,3279
55.280,3025
55.290,2960
55.300,2782
55.310,2655
55.320,2559
55.330,2495
55.340,2390
55.350,2341
55.360,2261
55.370,2156
55.380,2112
55.390,2086
55.400,2064
55.410,1943
55.420,1939
55.430,1865
55.440,1847
55.450,1845
55.460,1835
55.470,1841
55.480,1826
55.490,1801
55.500,1822
55.510,1849
55.520,1886
55.530,1925
55.540,1963
55.550,1936
55.560,1970
55.570,1953
55.580,1888
55.590,1984
55.600,2133
55.610,2199
55.620,2363
55.630,2643
55.640,2966
55.650,3211
55.660,3632
55.670,3785
55.680,3799
55.690,3664
55.700,3393
55.710,3109
55.720,2847
55.730,2601
55.740,2496
55.750,2343
55.760,2210
55.770,2117
55.780,2109
55.790,2017
55.800,1987
55.810,1999
55.820,1975
55.830,1941
55.840,1955
55.850,1917
55.860,1901
55.870,1903
55.880,1887
55.890,1893
55.900,1904
55.910,1886
55.920,1878
55.930,1929
55.940,1967
55.950,1965
55.960,1943
55.970,2006
55.980,1975
55.990,2075
56.000,2110
56.010,2139
56.020,2257
56.030,2437
56.040,2544
56.050,2665
56.060,2848
56.070,3008
56.080,3280
56.090,3543
56.100,3579
56.110,3583
56.120,3232
56.130,2967
56.140,2854
56.150,2665
56.160,2609
56.170,2442
56.180,2285
56.190,2192
56.200,2114
56.210,2104
56.220,2015
56.230,1978
56.240,1935
56.250,1895
56.260,1904
56.270,1898
56.280,1863
56.290,1874
56.300,1908
56.310,1879
56.320,1840
56.330,1840
56.340,1855
56.350,1830
56.360,1888
56.370,1855
56.380,1872
56.390,1904
56.400,1922
56.410,2023
56.420,2125
56.430,2233
56.440,2323
56.450,2512
56.460,2704
56.470,2891
56.480,3035
56.490,3326
56.500,3600
56.510,3804
56.520,3687
56.530,3472
56.540,3150
56.550,2814
56.560,2641
56.570,2630
56.580,2544
56.590,2369
56.600,2186
56.610,2103
56.620,2021
56.630,1969
56.640,1938
56.650,1856
56.660,1867
56.670,1841
56.680,1838
56.690,1795
56.700,1796
56.710,1789
56.720,1805
56.730,1759
56.740,1775
56.750,1765
56.760,1840
56.770,1865
56.780,1874
56.790,1840
56.800,1809
56.810,1872
56.820,1947
56.830,2023
56.840,2181
56.850,2448
56.860,2726
56.870,3004
56.880,3383
56.890,3894
56.900,3925
56.910,3762
56.920,3344
56.930,3171
56.940,2781
56.950,2640
56.960,2591
56.970,2436
56.980,2372
56.990,2224
57.000,2126
57.010,2045
57.020,2001
57.030,2079
57.040,1969
57.050,2000
57.060,1937
57.070,1917
57.080,1864
57.090,1850
57.100,1806
57.110,1822
57.120,1831
57.130,1762
57.140,1791
57.150,1781
57.160,1795
57.170,1815
57.180,1819
57.190,1825
57.200,1878
57.210,1927
57.220,1994
57.230,2151
57.240,2234
57.250,2406
57.260,2608
57.270,2784
57.280,3088
57.290,3271
57.300,3520
57.310,3603
57.320,3535
57.330,3482
57.340,3186
57.350,3040
57.360,2859
57.370,2666
57.380,2531
57.390,2437
57.400,2256
57.410,2213
57.420,2110
57.430,2011
57.440,2019
57.450,2007
57.460,1961
57.470,1924
57.480,1899
57.490,1899
57.500,1843
57.510,1847
57.520,1863
57.530,1840
57.540,1853
57.550,1856
57.560,1893
57.570,1871
57.580,1930
57.590,1907
57.600,1951
57.610,1987
57.620,2039
57.630,2047
57.640,2065
57.650,2091
57.660,2218
57.670,2366
57.680,2544
57.690,2800
57.700,3089
57.710,3394
57.720,3639
57.730,3510
57.740,3615
57.750,3452
57.760,3171
57.770,2867
57.780,2739
57.790,2513
57.800,2426
57.810,2334
57.820,2254
57.830,2102
57.840,2086
57.850,2090
57.860,2037
57.870,1968
57.880,1970
57.890,1947
57.900,1915
57.910,1850
57.920,1855
57.930,1901
57.940,1845
57.950,1815
57.960,1810
57.970,1814
57.980,1794
57.990,1797
58.000,1783
58.010,1818
58.020,1795
58.030,1817
58.040,1833
58.050,1904
58.060,2000
58.070,2112
58.080,2256
58.090,2443
58.100,2627
58.110,2911
58.120,3162
58.130,3505
58.140,3765
58.150,3751
58.160,3697
58.170,3567
58.180,3205
58.190,2979
58.200,2707
58.210,2586
58.220,2422
58.230,2302
58.240,2141
58.250,2086
58.260,1984
58.270,1991
58.280,1957
58.290,1936
58.300,1915
58.310,1890
58.320,1952
58.330,1933
58.340,1892
58.350,1890
58.360,1889
58.370,1963
58.380,1917
58.390,1917
58.400,1957
58.410,1961
58.420,1971
58.430,1994
58.440,1941
58.450,2003
58.460,2002
58.470,2063
58.480,2065
58.490,2191
58.500,2314
58.510,2499
58.520,2692
58.530,3003
58.540,3344
58.550,3696
58.560,3712
58.570,3766
58.580,3575
58.590,3137
58.600,2959
58.610,2734
58.620,2557
58.630,2444
58.640,2323
58.650,2256
58.660,2170
58.670,2144
58.680,2093
58.690,2061
58.700,2007
58.710,1974
58.720,1947
58.730,1963
58.740,1867
58.750,1835
58.760,1854
58.770,1843
58.780,1795
58.790,1840
58.800,1805
58.810,1778
58.820,1855
58.830,1863
58.840,1823
58.850,1854
58.860,1896
58.870,1919
58.880,2058
58.890,2160
58.900,2208
58.910,2342
58.920,2544
58.930,2706
58.940,2918
58.950,3149
58.960,3259
58.970,3366
58.980,3703
58.990,3706
59.000,3189
59.010,3025
59.020,2832
59.030,2642
59.040,2478
59.050,2304
59.060,2224
59.070,2181
59.080,2067
59.090,2027
59.100,1994
59.110,2000
59.120,1978
59.130,1911
59.140,1933
59.150,1906
59.160,1902
59.170,1865
59.180,1856
59.190,1893
59.200,1843
59.210,1887
59.220,1866
59.230,1871
59.240,1936
59.250,1929
59.260,1979
59.270,1947
59.280,2036
59.290,2068
59.300,2121
59.310,2239
59.320,2471
59.330,2700
59.340,2944
59.350,3237
59.360,3487
59.370,3570
59.380,3606
59.390,3556
59.400,3201
59.410,2964
59.420,2799
59.430,2566
59.440,2485
59.450,2386
59.460,2267
59.470,2210
59.480,2161
59.490,2092
59.500,2112
59.510,2064
59.520,2018
59.530,2005
59.540,1941
59.550,1937
59.560,1897
59.570,1875
59.580,1891
59.590,1818
59.600,1829
59.610,1796
59.620,1816
59.630,1809
59.640,1820
59.650,1824
59.660,1871
59.670,1904
59.680,1913
59.690,1990
59.700,2070
59.710,2221
59.720,2295
59.730,2434
59.740,2657
59.750,2851
59.760,3143
59.770,3296
59.780,3477
59.790,2934
59.800,2745
59.810,2667
59.820,2645
59.830,2646
59.840,2631
59.850,2599
59.860,2416
59.870,2326
59.880,2256
59.890,2190
59.900,2087
59.910,2054
59.920,2000
59.930,1979
59.940,1967
59.950,1903
59.960,1914
59.970,1955
59.980,1921
59.990,1923
